{
  "inference_times": [
    7.176156699977582,
    7.631103699997766,
    7.828763500001514,
    7.823582900018664,
    7.77611330000218,
    7.773164499987615,
    7.700708799995482,
    7.8082632000150625,
    7.7683644000208005,
    7.72840420002467
  ],
  "mean": 7.701462520004133,
  "std": 0.18421131255551407
}