{
  "fp16": 80.65205764770508,
  "rtn": 72.179749806722,
  "gptq": 79.87313842773438
}