{
  "model_name": "SD 3.5 Medium",
  "quantization_config": "FP16 (Baseline)",
  "timestamp": "2025-12-15T11:25:29.066614",
  "fid_score": null,
  "clip_score_mean": 0.35836379528045653,
  "clip_score_std": 0.017269441950526952,
  "model_size_gb": null,
  "transformer_size_gb": 4.178232550621033,
  "peak_vram_gb": 19.465402603149414,
  "vram_allocated_gb": null,
  "inference_time_mean": 6.909623009999632,
  "inference_time_std": 0.07528970903700916,
  "images_per_second": 0.1447256961129133,
  "num_images": 10,
  "num_inference_steps": 28,
  "guidance_scale": 4.5,
  "resolution": "1024x1024"
}