{
  "inference_times": [
    7.128241099999286,
    6.857686100003775,
    6.8531287999940105,
    6.870630400022492,
    6.897600299998885,
    6.881360500003211,
    6.904877900000429,
    6.90481139998883,
    6.8874331999977585,
    6.910460399987642
  ],
  "mean": 6.909623009999632,
  "std": 0.07528970903700916
}